{"cameraMode":{"drawMode":0,"name":"Shaded","section":"Shading Mode"},"sceneLighting":false,"audioPlay":false,"sceneViewState":{"m_AlwaysRefresh":false,"showFog":true,"showSkybox":false,"showFlares":true,"showImageEffects":true,"showParticleSystems":true,"showVisualEffectGraphs":true,"m_FxEnabled":true},"in2DMode":false,"pivot":{"x":470.17486572265627,"y":14.833000183105469,"z":388.1789855957031},"rotation":{"x":0.07350175827741623,"y":0.5959731340408325,"z":-0.032274261116981509,"w":0.8002562522888184},"size":0.5163756608963013,"orthographic":true}