{"cameraMode":{"drawMode":0,"name":"Shaded","section":"Shading Mode"},"sceneLighting":true,"audioPlay":false,"sceneViewState":{"m_AlwaysRefresh":false,"showFog":true,"showSkybox":true,"showFlares":true,"showImageEffects":true,"showParticleSystems":true,"showVisualEffectGraphs":true,"m_FxEnabled":true},"in2DMode":false,"pivot":{"x":454.32012939453127,"y":29.26619529724121,"z":507.5662841796875},"rotation":{"x":0.25821325182914736,"y":0.03215624764561653,"z":-0.008650600910186768,"w":0.9655701518058777},"size":48.53382110595703,"orthographic":true}