{"cameraMode":{"drawMode":0,"name":"Shaded","section":"Shading Mode"},"sceneLighting":true,"audioPlay":false,"sceneViewState":{"m_AlwaysRefresh":false,"showFog":true,"showSkybox":true,"showFlares":true,"showImageEffects":true,"showParticleSystems":true,"showVisualEffectGraphs":true,"m_FxEnabled":true},"in2DMode":false,"pivot":{"x":448.30377197265627,"y":38.11206817626953,"z":351.2858581542969},"rotation":{"x":0.20872046053409577,"y":0.2994765341281891,"z":-0.04746779054403305,"w":0.9308989644050598},"size":18.926076889038087,"orthographic":true}