{"cameraMode":{"drawMode":0,"name":"Shaded","section":"Shading Mode"},"sceneLighting":true,"audioPlay":false,"sceneViewState":{"m_AlwaysRefresh":false,"showFog":true,"showSkybox":true,"showFlares":true,"showImageEffects":true,"showParticleSystems":true,"showVisualEffectGraphs":true,"m_FxEnabled":true},"in2DMode":false,"pivot":{"x":597.5409545898438,"y":21.757946014404298,"z":407.77532958984377},"rotation":{"x":0.0059958938509225849,"y":-0.7222627997398377,"z":-0.006293542683124542,"w":-0.6916730403900147},"size":4.042041778564453,"orthographic":true}